<ServiceDescriptor>
    <ServiceHeader canLaunchCPSInProcess="false"
        isErrorHandlingSupported="true" isLicensed="false"
        lastUpdatedAt="Fri, Aug 5, 2005 12:26:23 PM IST"
        launchable="true" native="false">
        <Name>Aggregator</Name>
        <ServiceGUID>Aggregator</ServiceGUID>
        <Author>Fiorano Software Technologies Pvt. Ltd.</Author>
        <CreationDate>08/06/2005</CreationDate>
        <Icon>aggregator.png</Icon>
        <LargeIcon>aggregator32.png</LargeIcon>
        <Version>4.0</Version>
        <Label>Development</Label>
        <Category>Flow</Category>
        <ShortDescription>Component Performing Aggregation of documents</ShortDescription>
        <LongDescription/>
    </ServiceHeader>
    <Deployment deploymentStage="DEVELOPMENT" isAutoInstallable="true">
        <OS>ALL</OS>
        <ServiceDependency>
            <ServiceGUID>CompositeComponentEngine</ServiceGUID>
            <Version>4.0</Version>
        </ServiceDependency>
        <ServiceDependency>
            <ServiceGUID>customEditors</ServiceGUID>
            <Version>4.0</Version>
        </ServiceDependency>
        <ServiceDependency>
            <ServiceGUID>FioranoJavaRTL</ServiceGUID>
            <Version>4.0</Version>
        </ServiceDependency>
        <ServiceDependency>
            <ServiceGUID>Framework</ServiceGUID>
            <Version>4.0</Version>
        </ServiceDependency>
        <ServiceDependency>
            <ServiceGUID>jaxp</ServiceGUID>
            <Version>4.0</Version>
        </ServiceDependency>
        <ServiceDependency>
            <ServiceGUID>jms</ServiceGUID>
            <Version>4.0</Version>
        </ServiceDependency>
        <ServiceDependency>
            <ServiceGUID>mckoidb</ServiceGUID>
            <Version>4.0</Version>
        </ServiceDependency>
        <ServiceDependency>
            <ServiceGUID>TifosiJavaRTL</ServiceGUID>
            <Version>4.0</Version>
        </ServiceDependency>
        <ServiceDependency>
            <ServiceGUID>TifosiUIFramework</ServiceGUID>
            <Version>4.0</Version>
        </ServiceDependency>
        <ServiceDependency>
            <ServiceGUID>xalan</ServiceGUID>
            <Version>4.0</Version>
        </ServiceDependency>
        <ServiceDependency>
            <ServiceGUID>xerces</ServiceGUID>
            <Version>4.0</Version>
        </ServiceDependency>
        <Resources>
            <Resource requiredForConfiguration="true" requiredForExecution="true">
                <Name>fesb-comp-aggregator.jar</Name>
            </Resource>
        </Resources>
    </Deployment>
    <Execution inMemoryLaunchDefault="false"
        isAutoLaunchAvailable="true" isExternalLaunchAvailable="true"
        isFailoverSupported="true" isInMemoryLaunchable="false"
        manualLaunchDefault="false" transaction="Simple" type="java">
        <ExecutionDir>.</ExecutionDir>
        <Executable>com.fiorano.aggregator.AggregatorMain</Executable>
        <LogModules>
            <Module defaultTraceLevel="SEVERE" maxTraceLevel="ALL" name="Aggregator"/>
            <Module defaultTraceLevel="SEVERE" maxTraceLevel="ALL" name="ERR_HANDLER"/>
            <Module defaultTraceLevel="INFO" maxTraceLevel="ALL" name="OUT_HANDLER"/>
        </LogModules>
        <RuntimeArguments isVariableArgumentsSupported="false" supportsRuntimeArgsChange="false">
            <UserDefinedPropertySheet isConfigurationRequired="false" name="com.fiorano.aggregator.model.AggregatorPropertyModel"/>
            <Argument isRequired="false" name="JVM_PARAMS" type="Text"/>
        </RuntimeArguments>
    </Execution>
    <PortDescriptor>
        <InPort isSyncRequestType="false">
            <Name>IN_PORT</Name>
            <Description>Default event port added by Business Service Creation Wizard.</Description>
            <JavaClass/>
        </InPort>
        <OutPort isSyncRequestType="false">
            <Name>OUT_PORT</Name>
            <Description>Default event port added by Business Service Creation Wizard.</Description>
            <JavaClass/>
        </OutPort>
        <OutPort isSyncRequestType="false">
            <Name>ON_EXCEPTION</Name>
            <Description>Default Error port added by Business Service Creation Wizard.</Description>
            <XSD><![CDATA[<?xml version="1.0" encoding="UTF-8" ?>
								<xsd:schema xmlns:xsd="http://www.w3.org/2001/XMLSchema" targetNamespace="http://www.fiorano.com/fesb/activity/fault">
								<xsd:element name="Error">
								<xsd:complexType>
								<xsd:sequence>
								<xsd:element name="errorCode" type="xsd:string"/>
								<xsd:element name="errorMessage" type="xsd:string"/>
								<xsd:element name="errorDetail" type="xsd:string" minOccurs="0"/>
								<xsd:element name="data" minOccurs="0">
								<xsd:complexType>
								<xsd:sequence>
								<xsd:any namespace="##any" minOccurs="0" maxOccurs="unbounded" processContents="lax"/>
								</xsd:sequence>
								</xsd:complexType>
								</xsd:element>
								</xsd:sequence>
								</xsd:complexType>
								</xsd:element>
								</xsd:schema>            
							]]></XSD>
            <JavaClass/>
            <Param name="rootElementNS">http://www.fiorano.com/fesb/activity/fault</Param>
            <Param name="rootElementName">Error</Param>
        </OutPort>
    </PortDescriptor>
    <OnServiceKill>
        <ServiceGUID/>
        <Version/>
    </OnServiceKill>
    <SecurityAttributes/>
</ServiceDescriptor>
